"order_date","total_orders","total_sales","total_profit","avg_shipping_delay","late_delivery_rate"
"2015-01-01","58","32806.09","4433.48","0.46","55.95"
"2015-01-02","53","29818.21","1292.85","0.24","41.56"
"2015-01-03","60","36348.71","5366.60","0.67","58.66"
"2015-01-04","62","35738.97","5630.99","0.27","52.36"
"2015-01-05","57","31067.91","3088.10","0.74","60.63"
"2015-01-06","58","33395.71","723.97","0.67","52.07"
"2015-01-07","55","32923.22","3927.06","0.45","52.80"
"2015-01-08","65","37590.17","2834.60","0.60","54.12"
"2015-01-09","50","26004.93","3706.44","0.45","55.81"
"2015-01-10","65","37053.86","4295.93","0.27","56.91"
"2015-01-11","57","34164.16","4367.74","0.15","48.52"
"2015-01-12","63","41095.91","5355.49","0.75","66.67"
"2015-01-13","56","35891.89","2567.81","0.33","51.45"
"2015-01-14","57","30612.27","3205.67","0.71","53.42"
"2015-01-15","55","32878.95","3176.21","0.68","59.66"
"2015-01-16","58","32478.98","2992.86","0.85","66.47"
"2015-01-17","57","30329.26","3054.02","0.98","55.63"
"2015-01-18","54","34781.71","4573.93","0.52","54.12"
"2015-01-19","52","33488.03","4788.66","0.65","53.66"
"2015-01-20","57","32802.99","3649.01","0.26","51.20"
"2015-01-21","62","38436.26","2057.00","0.51","58.51"
"2015-01-22","58","38525.42","3279.71","0.75","61.62"
"2015-01-23","55","34007.61","3729.41","0.76","59.30"
"2015-01-24","56","31529.08","1421.78","0.24","47.88"
"2015-01-25","58","32758.91","4360.78","0.41","58.18"
"2015-01-26","63","35029.14","4722.06","0.51","54.14"
"2015-01-27","56","34471.94","1479.15","0.60","61.27"
"2015-01-28","58","32660.28","4622.94","0.32","50.00"
"2015-01-29","54","32615.29","3562.74","0.49","55.36"
"2015-01-30","59","34770.17","5351.52","0.63","60.23"
"2015-01-31","59","35514.03","4042.23","0.79","61.50"
"2015-02-01","55","33479.75","4146.55","0.78","60.77"
"2015-02-02","57","31396.61","4493.66","0.50","61.25"
"2015-02-03","56","33932.60","4098.09","0.73","64.88"
"2015-02-04","52","28906.28","5024.15","0.32","51.27"
"2015-02-05","60","32781.71","3305.33","0.54","59.77"
"2015-02-06","63","36093.73","4299.85","0.58","61.62"
"2015-02-07","58","34045.97","4142.22","0.41","47.25"
"2015-02-08","57","29839.82","3934.75","1.00","66.27"
"2015-02-09","52","32900.79","3406.29","0.59","63.79"
"2015-02-10","57","38439.75","44.13","0.52","58.95"
"2015-02-11","56","27310.85","3640.47","0.89","61.49"
"2015-02-12","54","26140.78","2660.41","0.77","53.24"
"2015-02-13","57","37157.10","2890.80","0.81","68.60"
"2015-02-14","55","27146.03","3125.83","0.69","52.45"
"2015-02-15","63","39126.13","3975.98","0.99","66.49"
"2015-02-16","56","34253.78","4046.65","0.19","52.33"
"2015-02-17","54","32234.44","3002.78","0.27","50.00"
"2015-02-18","52","33127.36","4158.29","1.01","64.20"
"2015-02-19","57","34261.78","3679.85","0.70","61.99"
"2015-02-20","56","31889.47","2279.64","0.35","55.28"
"2015-02-21","58","40896.36","5529.93","0.17","43.16"
"2015-02-22","54","30743.06","3379.82","0.30","47.02"
"2015-02-23","56","36422.04","4186.24","0.69","57.65"
"2015-02-24","58","33342.54","1943.74","0.10","45.45"
"2015-02-25","59","32779.59","3334.19","0.44","47.67"
"2015-02-26","56","34557.01","4380.95","0.74","59.88"
"2015-02-27","56","30001.25","3471.33","0.76","69.23"
"2015-02-28","61","33803.30","2558.74","0.99","69.06"
"2015-03-01","59","38229.09","4445.12","0.61","62.63"
"2015-03-02","58","36247.75","2281.57","0.74","63.10"
"2015-03-03","62","32555.21","1749.00","0.35","57.37"
"2015-03-04","59","35756.75","2084.96","0.57","63.78"
"2015-03-05","53","33807.90","5115.13","0.20","47.37"
"2015-03-06","56","32439.99","2297.42","0.88","65.45"
"2015-03-07","65","35637.06","3758.15","0.31","46.20"
"2015-03-08","57","35435.65","3987.91","0.90","60.92"
"2015-03-09","60","34784.93","4351.83","0.48","55.19"
"2015-03-10","56","35258.16","3049.61","0.48","57.32"
"2015-03-11","54","27900.63","1917.81","0.55","54.61"
"2015-03-12","59","35738.51","3216.84","0.57","59.67"
"2015-03-13","56","32501.29","3095.38","0.88","61.63"
"2015-03-14","59","38546.29","4384.79","0.71","62.50"
"2015-03-15","58","29916.44","1587.37","0.61","59.46"
"2015-03-16","53","32193.47","4596.33","0.39","53.46"
"2015-03-17","58","33487.08","4457.52","0.65","61.68"
"2015-03-18","56","34408.88","4348.96","0.40","43.79"
"2015-03-19","61","36184.37","5182.80","0.91","69.15"
"2015-03-20","48","27545.65","-572.29","0.40","56.03"
"2015-03-21","58","33187.67","5886.31","0.39","47.13"
"2015-03-22","57","32983.79","4997.63","0.44","55.23"
"2015-03-23","59","29300.31","5882.00","0.46","56.52"
"2015-03-24","53","30518.19","4015.88","0.70","60.76"
"2015-03-25","58","30739.02","2255.59","0.74","59.63"
"2015-03-26","57","33583.65","2423.28","0.69","53.89"
"2015-03-27","56","31845.16","3872.71","0.35","47.17"
"2015-03-28","56","34281.86","5187.89","0.78","68.51"
"2015-03-29","62","38545.15","4630.92","0.53","62.30"
"2015-03-30","60","40222.95","4971.83","0.41","47.83"
"2015-03-31","58","37470.82","4317.96","0.61","51.11"
"2015-04-01","59","39081.45","3405.22","0.24","48.97"
"2015-04-02","55","32076.90","3775.54","0.51","48.50"
"2015-04-03","58","35598.59","2034.12","0.52","52.22"
"2015-04-04","55","32830.72","4844.36","0.76","59.76"
"2015-04-05","52","28456.02","2678.20","0.50","50.64"
"2015-04-06","51","30824.64","2979.12","0.68","62.25"
"2015-04-07","61","34286.35","1874.54","0.59","52.81"
"2015-04-08","56","33474.29","3800.18","0.55","57.65"
"2015-04-09","61","35859.01","3266.73","0.43","54.19"
"2015-04-10","59","39130.61","4373.57","0.82","75.50"
"2015-04-11","58","35615.61","3247.12","0.40","50.00"
"2015-04-12","57","35886.23","4666.83","0.58","56.57"
"2015-04-13","57","33262.85","4034.32","0.91","57.67"
"2015-04-14","61","35108.56","4572.97","0.54","53.93"
"2015-04-15","56","32041.85","4983.11","0.55","55.56"
"2015-04-16","55","35192.95","2441.51","0.77","60.87"
"2015-04-17","59","36885.98","4388.07","0.48","67.58"
"2015-04-18","52","28024.62","2996.09","0.44","48.72"
"2015-04-19","60","42683.34","2325.89","0.31","54.19"
"2015-04-20","58","33842.94","4495.84","0.41","49.41"
"2015-04-21","51","24780.21","842.93","0.15","48.09"
"2015-04-22","61","33944.12","3438.56","0.33","56.07"
"2015-04-23","56","29214.62","4899.27","0.74","68.00"
"2015-04-24","59","34321.97","5576.05","0.72","61.49"
"2015-04-25","55","31081.67","4192.57","0.50","51.61"
"2015-04-26","61","36087.66","3622.06","0.55","52.54"
"2015-04-27","55","32840.18","4239.73","0.75","57.99"
"2015-04-28","54","34399.33","3394.90","0.38","48.68"
"2015-04-29","59","34452.93","4759.27","0.64","67.96"
"2015-04-30","59","33177.06","1935.01","0.64","58.52"
"2015-05-01","57","35425.40","3933.14","0.40","54.07"
"2015-05-02","58","34121.92","3998.30","0.65","63.69"
"2015-05-03","55","32271.22","3908.73","0.82","59.64"
"2015-05-04","57","33350.29","3591.17","0.81","64.07"
"2015-05-05","54","29233.94","3092.71","0.63","60.90"
"2015-05-06","58","31336.36","4669.38","0.17","46.82"
"2015-05-07","61","36981.52","1891.62","0.60","58.01"
"2015-05-08","56","33990.61","5543.83","0.73","58.93"
"2015-05-09","58","35200.10","3455.80","0.47","55.43"
"2015-05-10","54","26743.63","2962.78","0.52","56.03"
"2015-05-11","57","35627.43","1914.05","0.76","67.63"
"2015-05-12","54","29922.54","1822.55","0.21","50.31"
"2015-05-13","56","35730.12","3332.21","0.73","60.33"
"2015-05-14","56","38607.32","2970.73","0.56","65.45"
"2015-05-15","57","31891.13","3809.36","0.50","50.00"
"2015-05-16","53","29713.17","3082.39","0.00","42.21"
"2015-05-17","55","34767.81","4406.96","0.26","48.59"
"2015-05-18","59","37263.56","2871.82","0.59","58.25"
"2015-05-19","61","36669.85","3365.96","0.61","66.31"
"2015-05-20","59","32943.47","3665.70","0.63","48.17"
"2015-05-21","60","29816.01","2771.42","0.80","67.97"
"2015-05-22","57","32962.57","3746.30","0.69","58.56"
"2015-05-23","56","35028.99","4639.82","0.50","58.54"
"2015-05-24","56","32412.77","-213.08","0.90","76.07"
"2015-05-25","62","36091.81","4747.89","0.30","56.25"
"2015-05-26","57","30902.42","5405.08","0.59","62.80"
"2015-05-27","58","35500.29","3566.76","0.60","61.27"
"2015-05-28","57","35197.91","4049.00","0.56","54.65"
"2015-05-29","60","37743.87","5705.22","0.65","57.59"
"2015-05-30","60","41780.52","6363.40","0.39","52.63"
"2015-05-31","58","31249.87","3076.90","0.66","58.82"
"2015-06-01","61","37639.59","4521.65","0.57","55.43"
"2015-06-02","58","36395.02","2563.15","0.66","60.44"
"2015-06-03","58","33124.46","2905.62","0.56","56.88"
"2015-06-04","57","34009.61","7431.24","0.55","57.71"
"2015-06-05","52","28250.56","4099.16","0.53","63.82"
"2015-06-06","54","33899.39","2278.16","0.28","52.76"
"2015-06-07","54","32717.12","2933.29","0.81","63.16"
"2015-06-08","60","41056.00","4383.18","0.35","48.51"
"2015-06-09","56","34560.54","3539.95","1.03","64.29"
"2015-06-10","58","33341.64","2561.51","0.58","63.64"
"2015-06-11","53","30810.63","5502.04","0.75","50.00"
"2015-06-12","57","29999.59","2963.77","0.87","58.94"
"2015-06-13","58","35050.30","3485.84","0.33","51.72"
"2015-06-14","64","32270.36","5118.29","0.74","58.89"
"2015-06-15","57","32883.65","4325.26","0.17","51.45"
"2015-06-16","60","35532.59","2206.06","0.40","60.66"
"2015-06-17","56","32805.16","3429.78","0.77","57.89"
"2015-06-18","56","29245.20","4365.35","0.55","54.55"
"2015-06-19","56","33857.11","2262.96","0.37","51.46"
"2015-06-20","60","36557.69","2323.86","0.61","62.43"
"2015-06-21","60","37072.47","4303.54","0.43","54.60"
"2015-06-22","56","32080.66","2620.30","0.15","49.07"
"2015-06-23","56","31579.41","4520.69","0.48","59.35"
"2015-06-24","54","32606.69","2098.01","0.36","46.43"
"2015-06-25","60","39761.11","3050.24","0.59","51.85"
"2015-06-26","60","33478.09","4483.89","0.55","55.95"
"2015-06-27","58","34897.97","3054.37","0.72","63.03"
"2015-06-28","54","29411.13","3036.58","0.65","60.00"
"2015-06-29","57","37251.34","5269.19","0.46","53.59"
"2015-06-30","65","41861.07","4510.23","0.36","52.13"
"2015-07-01","52","33470.82","3846.23","0.72","58.43"
"2015-07-02","61","35616.90","3415.04","0.36","47.03"
"2015-07-03","55","37560.45","4441.77","0.54","57.87"
"2015-07-04","57","31927.43","2936.52","0.80","70.97"
"2015-07-05","55","34764.72","3840.73","0.44","55.09"
"2015-07-06","55","30801.14","5155.08","0.63","62.58"
"2015-07-07","56","35538.26","320.81","0.70","59.88"
"2015-07-08","56","30825.36","3566.80","0.50","55.09"
"2015-07-09","60","33994.64","2811.15","0.51","60.33"
"2015-07-10","57","34977.00","6214.19","0.75","58.96"
"2015-07-11","56","37512.74","3609.74","0.59","61.93"
"2015-07-12","59","33988.11","4640.51","0.19","55.68"
"2015-07-13","56","28077.59","3595.68","0.70","61.35"
"2015-07-14","65","44848.22","7004.53","0.83","63.38"
"2015-07-15","56","33115.75","2646.13","0.78","67.80"
"2015-07-16","62","34320.47","4207.83","0.49","58.24"
"2015-07-17","57","34444.35","1784.35","0.23","46.20"
"2015-07-18","56","32033.19","4827.96","0.55","55.15"
"2015-07-19","55","33316.15","6472.70","0.55","60.12"
"2015-07-20","52","31637.56","3693.86","0.62","59.24"
"2015-07-21","62","34973.26","4205.42","0.49","53.19"
"2015-07-22","55","27354.87","2585.96","0.92","60.58"
"2015-07-23","59","31025.77","2791.63","0.87","66.87"
"2015-07-24","57","31738.48","2607.11","0.60","56.40"
"2015-07-25","56","31012.08","2735.85","0.31","47.67"
"2015-07-26","56","34877.68","3108.53","0.78","56.04"
"2015-07-27","52","28559.45","4002.45","0.16","47.68"
"2015-07-28","62","37259.62","4033.50","0.52","54.36"
"2015-07-29","57","32077.64","2067.42","0.48","54.72"
"2015-07-30","54","31942.31","3679.65","1.09","74.34"
"2015-07-31","55","34489.16","4774.93","0.19","41.62"
"2015-08-01","60","31025.19","2316.80","0.66","59.28"
"2015-08-02","58","37345.79","5471.61","0.54","57.92"
"2015-08-03","56","33286.84","3789.93","0.35","53.53"
"2015-08-04","62","37221.39","5903.17","0.58","50.26"
"2015-08-05","61","33144.18","2356.85","0.36","56.91"
"2015-08-06","60","34768.22","1778.39","0.97","73.68"
"2015-08-07","58","34600.75","6465.25","0.64","61.11"
"2015-08-08","50","24152.85","4479.31","0.64","56.30"
"2015-08-09","54","28626.51","2563.28","0.44","51.28"
"2015-08-10","60","35151.99","7273.20","0.65","56.40"
"2015-08-11","58","30227.33","3231.66","0.35","49.37"
"2015-08-12","54","34366.70","4877.87","0.64","66.10"
"2015-08-13","52","33031.17","4116.44","0.63","63.19"
"2015-08-14","53","30948.66","2721.08","0.28","47.80"
"2015-08-15","61","33908.35","3709.63","0.72","66.48"
"2015-08-16","61","35620.85","4340.16","0.36","60.80"
"2015-08-17","59","36599.67","7009.37","1.05","65.38"
"2015-08-18","50","28977.54","2419.44","0.66","56.58"
"2015-08-19","54","33696.57","1904.91","0.90","56.40"
"2015-08-20","57","31590.72","1512.74","0.67","52.32"
"2015-08-21","61","36573.04","5738.56","0.65","63.69"
"2015-08-22","58","35628.99","3819.83","0.84","72.35"
"2015-08-23","57","30628.82","2878.71","0.27","43.48"
"2015-08-24","49","24407.24","4051.22","0.23","44.88"
"2015-08-25","61","37450.47","3074.33","0.30","47.50"
"2015-08-26","52","30048.17","3373.70","0.76","58.79"
"2015-08-27","59","31003.33","4540.77","0.66","57.49"
"2015-08-28","58","35822.96","2630.28","0.49","57.95"
"2015-08-29","57","38115.76","3040.42","0.57","57.98"
"2015-08-30","58","35451.92","1288.86","0.75","69.23"
"2015-08-31","54","36072.70","5302.00","0.76","61.33"
"2015-09-01","51","34701.89","6007.97","0.29","52.15"
"2015-09-02","60","34307.48","2717.59","0.60","52.81"
"2015-09-03","58","35013.03","4934.34","0.57","60.24"
"2015-09-04","62","39918.68","5943.39","0.49","55.32"
"2015-09-05","61","35725.06","2644.90","0.95","71.59"
"2015-09-06","61","36282.38","3132.89","0.88","58.42"
"2015-09-07","54","33133.09","2220.21","0.28","53.53"
"2015-09-08","56","33425.01","3950.42","0.46","58.24"
"2015-09-09","58","33320.23","2858.07","0.81","66.08"
"2015-09-10","53","29740.36","3857.00","0.48","58.90"
"2015-09-11","62","31487.42","4895.93","0.52","54.44"
"2015-09-12","56","35885.40","5310.71","0.46","53.30"
"2015-09-13","61","32210.79","4743.10","0.31","48.26"
"2015-09-14","53","32628.83","4031.53","0.37","59.28"
"2015-09-15","54","31283.21","2807.99","0.38","50.00"
"2015-09-16","55","33179.26","4566.85","0.69","67.21"
"2015-09-17","56","30111.36","4079.20","1.03","68.35"
"2015-09-18","57","33941.82","2235.74","0.69","61.85"
"2015-09-19","58","31761.98","2846.33","0.80","65.45"
"2015-09-20","57","35103.73","6245.91","0.36","52.17"
"2015-09-21","55","33626.23","4952.42","0.50","60.23"
"2015-09-22","56","36156.44","4446.49","0.61","64.09"
"2015-09-23","55","35991.93","2910.71","0.88","68.13"
"2015-09-24","57","33353.28","1754.41","0.48","59.39"
"2015-09-25","57","30698.43","2856.91","0.57","66.05"
"2015-09-26","60","36439.79","3988.92","0.60","52.84"
"2015-09-27","58","36869.79","4538.40","0.48","59.56"
"2015-09-28","54","34138.32","4652.23","0.60","52.10"
"2015-09-29","58","32785.75","153.24","0.58","58.97"
"2015-09-30","53","35117.61","3184.14","0.69","56.18"
"2015-10-01","61","38279.14","638.16","0.58","57.71"
"2015-10-02","59","33294.97","3591.01","0.34","45.66"
"2015-10-03","59","36644.72","3540.73","0.52","49.44"
"2015-10-04","53","28932.06","3415.37","0.82","70.39"
"2015-10-05","52","31295.19","3262.92","0.80","61.29"
"2015-10-06","59","33932.61","6170.11","0.47","50.86"
"2015-10-07","53","28936.89","2500.59","0.51","64.86"
"2015-10-08","57","36152.69","1614.43","0.61","56.61"
"2015-10-09","61","40360.02","4198.34","0.05","38.22"
"2015-10-10","52","30976.66","1877.62","0.27","49.32"
"2015-10-11","57","35254.60","4437.76","0.69","62.15"
"2015-10-12","55","36310.38","2189.04","0.68","65.88"
"2015-10-13","59","37660.44","4400.04","0.95","58.82"
"2015-10-14","60","32637.84","-250.05","0.80","66.27"
"2015-10-15","63","34062.99","1174.33","0.77","70.18"
"2015-10-16","55","29829.73","1587.09","0.49","64.74"
"2015-10-17","60","31181.19","2211.07","0.78","69.33"
"2015-10-18","57","36625.82","1927.17","0.18","47.57"
"2015-10-19","61","34141.70","4150.65","0.47","55.06"
"2015-10-20","50","31392.20","5668.28","0.60","59.76"
"2015-10-21","58","34040.16","4358.88","0.51","50.60"
"2015-10-22","48","27218.89","4561.20","0.35","50.34"
"2015-10-23","54","32805.07","4852.39","0.72","59.87"
"2015-10-24","62","31747.97","5378.51","0.73","57.96"
"2015-10-25","61","30680.00","1837.45","0.60","64.67"
"2015-10-26","55","28385.61","6122.79","0.61","56.86"
"2015-10-27","64","45682.93","2563.77","0.47","58.53"
"2015-10-28","61","36573.73","1804.73","0.54","52.72"
"2015-10-29","57","33467.40","2935.34","0.40","62.57"
"2015-10-30","58","35411.95","4001.74","0.04","46.70"
"2015-10-31","54","35238.70","5036.41","0.69","52.07"
"2015-11-01","55","31257.81","1636.73","0.24","46.50"
"2015-11-02","58","42209.51","3848.20","0.72","61.81"
"2015-11-03","58","33212.25","2675.93","0.80","65.48"
"2015-11-04","61","40000.01","5138.41","1.16","70.47"
"2015-11-05","57","34196.99","4463.91","0.56","56.42"
"2015-11-06","59","35966.03","5420.38","0.62","58.01"
"2015-11-07","56","34385.53","3931.16","0.78","57.14"
"2015-11-08","61","34069.59","4561.90","0.50","56.73"
"2015-11-09","60","37376.80","3392.95","0.49","61.50"
"2015-11-10","52","23221.62","2236.25","0.84","61.07"
"2015-11-11","59","35274.83","2484.05","0.71","57.61"
"2015-11-12","57","32199.54","2251.01","-0.02","41.76"
"2015-11-13","60","40782.06","3432.90","0.66","58.02"
"2015-11-14","58","30261.21","1533.10","0.35","54.84"
"2015-11-15","57","32323.43","3351.80","0.30","47.20"
"2015-11-16","60","34957.69","4320.62","0.35","54.40"
"2015-11-17","54","33913.67","4626.51","0.19","42.61"
"2015-11-18","55","34666.60","4020.70","0.74","64.77"
"2015-11-19","60","38061.48","5139.47","0.52","53.89"
"2015-11-20","59","35883.64","536.53","0.51","52.54"
"2015-11-21","61","34640.77","2992.85","0.62","61.54"
"2015-11-22","57","30552.28","2338.69","0.58","57.76"
"2015-11-23","59","35668.70","2934.97","0.69","59.20"
"2015-11-24","53","29345.62","4343.77","0.42","50.00"
"2015-11-25","58","33205.08","3597.28","0.40","50.29"
"2015-11-26","53","32472.79","2677.20","0.78","58.60"
"2015-11-27","54","35183.67","4631.92","0.65","58.15"
"2015-11-28","62","32677.09","2605.59","0.25","48.52"
"2015-11-29","60","36552.69","4671.67","0.80","66.67"
"2015-11-30","56","34601.24","4630.91","0.51","54.10"
"2015-12-01","57","33162.02","3029.71","0.88","68.02"
"2015-12-02","56","34008.91","2848.74","0.34","56.00"
"2015-12-03","58","36310.00","3412.04","0.80","53.93"
"2015-12-04","58","32070.36","2459.66","0.70","67.48"
"2015-12-05","58","36163.19","7149.58","0.28","54.59"
"2015-12-06","58","31802.22","2798.52","0.30","54.22"
"2015-12-07","52","29726.38","2126.70","1.06","75.68"
"2015-12-08","54","29134.53","3686.79","0.74","68.06"
"2015-12-09","60","36622.67","5180.79","0.37","59.56"
"2015-12-10","57","31620.21","2828.60","0.13","40.25"
"2015-12-11","54","33698.25","-373.95","0.29","52.87"
"2015-12-12","56","35464.82","5821.70","0.60","55.75"
"2015-12-13","59","37909.73","6286.76","0.58","60.33"
"2015-12-14","62","35589.84","4447.79","0.98","62.92"
"2015-12-15","57","36261.26","3161.56","0.66","56.91"
"2015-12-16","60","35530.63","3861.31","0.45","48.09"
"2015-12-17","53","27218.88","3173.00","0.85","55.15"
"2015-12-18","59","31731.13","3792.93","0.53","49.08"
"2015-12-19","59","34922.36","872.41","0.46","51.45"
"2015-12-20","59","31569.05","3793.95","0.29","54.49"
"2015-12-21","60","34754.92","3943.66","0.49","52.25"
"2015-12-22","60","30779.56","3589.09","0.70","61.35"
"2015-12-23","64","37724.50","4123.52","0.99","64.62"
"2015-12-24","60","36846.42","3686.40","0.29","48.39"
"2015-12-25","59","40193.12","5693.27","0.54","60.91"
"2015-12-26","58","36098.90","3477.85","0.54","60.12"
"2015-12-27","59","37610.63","1869.40","0.63","59.38"
"2015-12-28","60","31313.93","2846.91","0.31","47.37"
"2015-12-29","62","33997.12","4393.25","0.47","54.49"
"2015-12-30","60","34174.84","3564.13","1.12","74.73"
"2015-12-31","57","33830.48","3095.48","0.21","48.24"
"2016-01-01","62","33344.29","3720.44","0.35","49.45"
"2016-01-02","55","32120.98","2787.22","0.68","66.67"
"2016-01-03","54","37910.81","5336.92","0.86","67.20"
"2016-01-04","56","29439.67","4423.10","0.51","57.42"
"2016-01-05","47","27401.73","2899.45","0.37","61.90"
"2016-01-06","57","34094.45","2222.65","0.71","69.10"
"2016-01-07","63","37379.82","5218.34","0.25","46.41"
"2016-01-08","55","34112.93","5926.90","0.48","65.22"
"2016-01-09","58","34196.33","5876.31","0.44","51.43"
"2016-01-10","55","28765.08","4786.45","0.78","55.92"
"2016-01-11","56","33784.09","4348.17","0.75","60.47"
"2016-01-12","56","31512.37","2455.03","0.83","64.43"
"2016-01-13","57","32956.44","3502.68","0.63","50.93"
"2016-01-14","57","35649.84","3813.87","0.81","60.45"
"2016-01-15","54","31090.62","4408.70","0.39","58.23"
"2016-01-16","57","40865.27","3062.16","0.21","48.96"
"2016-01-17","60","33114.04","2655.23","0.80","61.82"
"2016-01-18","55","32805.14","1080.14","0.63","60.36"
"2016-01-19","61","33503.87","3003.97","0.84","57.06"
"2016-01-20","60","31252.58","4764.16","0.64","62.42"
"2016-01-21","58","34581.82","4387.07","0.66","60.00"
"2016-01-22","60","35813.00","2220.88","0.31","53.11"
"2016-01-23","58","33015.95","1802.33","0.72","63.22"
"2016-01-24","56","37827.88","4552.12","0.83","64.29"
"2016-01-25","59","34879.37","2263.55","0.11","47.25"
"2016-01-26","62","41137.07","2874.33","0.73","56.78"
"2016-01-27","55","34915.06","3977.67","0.35","45.00"
"2016-01-28","57","28033.53","2224.76","0.36","51.33"
"2016-01-29","57","30217.51","-255.86","1.02","70.44"
"2016-01-30","62","39650.39","3558.06","0.87","58.59"
"2016-01-31","53","30936.30","2884.15","0.55","54.27"
"2016-02-01","58","32677.56","3613.28","0.71","64.16"
"2016-02-02","57","31619.98","3889.42","0.80","69.18"
"2016-02-03","54","33339.04","4339.81","0.79","66.46"
"2016-02-04","53","32708.37","2037.00","0.28","50.65"
"2016-02-05","54","32233.77","1739.69","0.69","58.97"
"2016-02-06","56","30975.31","3882.99","0.13","47.50"
"2016-02-07","63","37128.56","95.53","0.29","47.37"
"2016-02-08","55","32532.87","2038.32","0.42","49.69"
"2016-02-09","57","36675.92","4652.93","0.51","59.78"
"2016-02-10","56","31947.15","4379.67","0.93","63.64"
"2016-02-11","62","32016.77","2316.39","0.50","47.34"
"2016-02-12","53","28719.74","3066.44","0.37","56.29"
"2016-02-13","54","28739.00","3035.84","0.74","58.06"
"2016-02-14","55","30413.28","3222.06","0.36","56.17"
"2016-02-15","55","27243.72","666.83","0.91","63.95"
"2016-02-16","56","36864.48","1606.81","0.66","57.87"
"2016-02-17","60","36247.30","456.14","0.54","59.14"
"2016-02-18","60","37417.65","1689.08","0.72","65.19"
"2016-02-19","62","37429.75","5555.38","0.44","48.21"
"2016-02-20","59","35736.39","4621.32","0.68","61.05"
"2016-02-21","59","35052.30","2336.21","0.29","40.36"
"2016-02-22","58","36344.89","3274.44","0.78","66.48"
"2016-02-23","57","36739.72","3071.81","0.30","52.78"
"2016-02-24","56","29209.01","5383.72","0.54","60.13"
"2016-02-25","51","29687.89","3932.31","0.50","59.74"
"2016-02-26","61","36819.19","2760.31","0.38","49.72"
"2016-02-27","56","31626.46","4013.82","0.71","58.90"
"2016-02-28","55","33213.31","1024.64","0.35","43.27"
"2016-02-29","58","37183.45","4107.30","0.65","54.59"
"2016-03-01","57","29808.56","3622.38","0.45","53.59"
"2016-03-02","58","31729.48","4332.94","0.46","56.69"
"2016-03-03","57","36376.64","4761.39","-0.02","37.77"
"2016-03-04","58","33050.01","2226.74","0.67","56.57"
"2016-03-05","54","33904.95","3186.10","0.57","61.45"
"2016-03-06","57","34094.04","4060.81","0.79","69.73"
"2016-03-07","57","33380.08","1671.45","0.88","63.58"
"2016-03-08","55","29482.64","2433.06","0.76","68.03"
"2016-03-09","57","34183.08","3498.21","0.49","61.49"
"2016-03-10","64","40711.75","2024.43","0.43","62.44"
"2016-03-11","55","28515.23","1076.07","0.45","58.67"
"2016-03-12","53","31793.04","3946.11","0.36","54.14"
"2016-03-13","54","26273.81","3448.37","0.66","63.19"
"2016-03-14","51","28661.50","3780.53","0.81","65.77"
"2016-03-15","60","32668.19","4513.81","0.66","56.71"
"2016-03-16","53","31193.42","1735.50","0.39","50.00"
"2016-03-17","54","31622.30","5448.96","0.58","51.76"
"2016-03-18","63","43284.34","1061.80","0.58","51.89"
"2016-03-19","54","33458.44","1139.04","0.86","60.95"
"2016-03-20","61","37236.15","2687.23","0.58","52.87"
"2016-03-21","57","30284.36","2542.39","0.33","54.38"
"2016-03-22","55","29416.83","2207.76","0.44","52.82"
"2016-03-23","53","27102.62","2208.05","0.53","60.42"
"2016-03-24","61","33247.28","4621.26","0.49","64.80"
"2016-03-25","63","36385.87","3494.39","0.35","49.48"
"2016-03-26","59","37920.75","5057.11","0.20","45.65"
"2016-03-27","56","35053.86","6016.95","0.70","58.86"
"2016-03-28","59","32808.30","3430.48","0.72","62.94"
"2016-03-29","53","32020.22","2357.00","0.98","64.71"
"2016-03-30","60","37293.67","5370.00","0.78","64.52"
"2016-03-31","56","32891.69","3299.67","0.50","59.76"
"2016-04-01","59","37839.45","7286.92","0.66","54.69"
"2016-04-02","58","31483.56","3027.92","0.53","60.61"
"2016-04-03","57","32504.45","4900.69","0.57","62.11"
"2016-04-04","55","29801.74","4227.99","0.83","62.34"
"2016-04-05","58","36407.26","3819.66","0.68","56.07"
"2016-04-06","54","36413.41","4319.51","0.13","44.19"
"2016-04-07","59","33466.15","3721.51","0.61","52.87"
"2016-04-08","58","32648.41","1306.33","0.40","51.53"
"2016-04-09","58","33810.11","4202.15","0.10","45.40"
"2016-04-10","61","36693.50","3558.69","0.57","61.96"
"2016-04-11","60","37556.33","6390.45","0.45","50.25"
"2016-04-12","57","34179.71","6298.69","0.73","64.48"
"2016-04-13","58","34125.97","3669.83","0.54","52.69"
"2016-04-14","54","31003.43","4552.36","0.60","56.79"
"2016-04-15","58","37098.57","2838.43","0.74","65.91"
"2016-04-16","58","34923.00","4982.29","0.46","51.12"
"2016-04-17","58","33504.31","3718.08","0.73","62.18"
"2016-04-18","60","38883.38","4982.53","0.61","58.08"
"2016-04-19","57","33478.86","4256.30","0.35","46.15"
"2016-04-20","56","33413.42","5639.36","0.78","61.93"
"2016-04-21","63","39312.84","2892.82","0.56","55.85"
"2016-04-22","55","29606.52","2649.80","0.29","41.89"
"2016-04-23","57","35940.74","1324.38","0.81","66.29"
"2016-04-24","59","32097.07","2929.58","0.64","61.63"
"2016-04-25","51","33970.04","4750.25","0.96","74.70"
"2016-04-26","56","27051.69","2983.85","0.71","69.93"
"2016-04-27","56","28822.87","2594.63","0.71","57.05"
"2016-04-28","55","31918.15","1802.37","0.72","60.48"
"2016-04-29","52","28410.90","3048.78","0.49","54.05"
"2016-04-30","49","24845.72","2300.47","0.32","54.89"
"2016-05-01","56","32454.66","5413.46","1.19","71.69"
"2016-05-02","53","27662.87","4450.80","0.75","62.59"
"2016-05-03","54","29417.58","1078.01","0.54","62.82"
"2016-05-04","56","32143.28","3707.88","0.32","46.01"
"2016-05-05","57","32884.25","3883.38","0.28","48.48"
"2016-05-06","49","32696.05","3559.33","0.31","50.00"
"2016-05-07","60","34065.98","4770.25","0.55","54.39"
"2016-05-08","58","33809.70","3631.92","0.61","54.59"
"2016-05-09","60","32363.80","3380.37","0.83","69.82"
"2016-05-10","52","28391.64","1918.12","0.55","48.65"
"2016-05-11","56","36805.02","6460.87","0.69","58.47"
"2016-05-12","60","37778.66","3381.43","0.61","53.97"
"2016-05-13","59","32200.43","5106.98","0.52","44.92"
"2016-05-14","60","36491.51","3384.38","0.32","57.92"
"2016-05-15","62","39136.44","2820.56","0.49","52.97"
"2016-05-16","58","39168.39","5459.68","0.78","64.71"
"2016-05-17","55","31909.94","3017.16","0.86","58.82"
"2016-05-18","53","33527.23","2021.73","0.30","52.87"
"2016-05-19","53","30648.64","2628.35","0.39","48.78"
"2016-05-20","60","33343.65","2415.38","0.59","64.80"
"2016-05-21","56","32987.93","4355.32","0.32","47.98"
"2016-05-22","60","37808.38","3381.88","0.53","53.89"
"2016-05-23","58","30956.10","2595.71","0.50","55.62"
"2016-05-24","56","34061.85","5137.31","0.91","71.58"
"2016-05-25","56","30182.00","2763.27","0.54","57.42"
"2016-05-26","58","28609.47","776.13","0.89","64.00"
"2016-05-27","59","33743.76","3528.58","0.77","64.20"
"2016-05-28","60","31724.10","3711.28","0.75","65.34"
"2016-05-29","51","31890.84","4764.47","0.73","63.69"
"2016-05-30","60","37561.04","2743.60","0.62","68.42"
"2016-05-31","58","32974.99","4468.53","0.36","57.47"
"2016-06-01","58","33351.84","1572.60","0.28","55.15"
"2016-06-02","52","29810.25","3704.71","0.72","66.46"
"2016-06-03","57","32507.03","3001.79","0.58","63.69"
"2016-06-04","57","37360.23","5268.63","1.04","71.20"
"2016-06-05","52","30478.84","2394.21","0.79","62.82"
"2016-06-06","58","33256.20","4077.02","0.63","62.07"
"2016-06-07","57","36439.00","4739.60","0.72","65.00"
"2016-06-08","57","32675.83","4202.62","0.49","52.47"
"2016-06-09","53","26863.83","3962.62","0.54","60.84"
"2016-06-10","62","39040.74","3749.87","0.41","50.77"
"2016-06-11","57","35802.36","3819.80","0.75","66.67"
"2016-06-12","55","31188.41","1908.87","0.59","58.06"
"2016-06-13","58","34517.98","5068.00","0.91","61.54"
"2016-06-14","55","34426.66","1945.36","0.62","53.57"
"2016-06-15","61","35742.34","2676.22","0.90","58.24"
"2016-06-16","53","31877.45","3956.44","0.34","53.42"
"2016-06-17","53","27981.53","3604.84","1.03","70.27"
"2016-06-18","57","33419.23","2935.05","0.95","67.07"
"2016-06-19","56","33465.59","5243.89","0.30","46.84"
"2016-06-20","58","31543.12","3482.41","0.43","53.61"
"2016-06-21","56","35228.09","2333.43","0.41","44.12"
"2016-06-22","58","38561.10","5263.66","0.25","48.35"
"2016-06-23","53","33482.02","2637.80","1.24","73.65"
"2016-06-24","55","30027.51","5872.62","0.92","65.38"
"2016-06-25","56","33773.17","3753.22","0.29","49.71"
"2016-06-26","56","38066.91","3265.35","0.53","53.27"
"2016-06-27","59","34076.57","3245.42","0.85","63.89"
"2016-06-28","61","34474.10","2017.02","0.78","67.03"
"2016-06-29","53","31569.26","3393.34","0.28","48.08"
"2016-06-30","57","32052.34","1099.66","0.59","55.19"
"2016-07-01","56","32933.72","2638.80","0.51","56.80"
"2016-07-02","58","32698.19","4038.25","0.37","50.30"
"2016-07-03","57","37485.34","3771.32","0.60","51.32"
"2016-07-04","53","31040.75","2169.90","0.71","63.87"
"2016-07-05","55","33845.54","3919.10","0.99","67.88"
"2016-07-06","57","35758.92","5670.69","0.37","42.63"
"2016-07-07","61","35616.71","4170.99","0.39","59.78"
"2016-07-08","53","33802.24","4225.64","0.63","59.88"
"2016-07-09","55","33538.99","3092.01","0.28","54.12"
"2016-07-10","53","33234.99","5157.64","0.70","61.90"
"2016-07-11","62","36186.89","4547.83","0.50","56.42"
"2016-07-12","57","32409.06","2364.48","0.46","54.88"
"2016-07-13","56","27663.76","2875.95","0.47","59.33"
"2016-07-14","56","36938.38","4156.13","0.82","61.62"
"2016-07-15","51","27581.79","3287.81","0.55","43.17"
"2016-07-16","59","37074.96","2949.30","0.19","33.86"
"2016-07-17","60","39920.30","7742.74","0.73","57.58"
"2016-07-18","57","41643.29","2125.41","0.25","51.81"
"2016-07-19","54","34104.49","5159.66","0.73","63.35"
"2016-07-20","56","30895.42","2856.94","0.78","60.95"
"2016-07-21","56","32393.16","2357.14","0.41","53.53"
"2016-07-22","60","34599.89","4412.95","0.45","55.75"
"2016-07-23","49","28310.56","6110.61","0.27","38.10"
"2016-07-24","61","36036.16","7321.32","0.45","46.93"
"2016-07-25","60","31897.29","3778.32","0.49","63.25"
"2016-07-26","58","32687.59","3661.03","0.36","45.98"
"2016-07-27","59","32865.99","2039.91","0.36","49.13"
"2016-07-28","61","36797.04","3175.79","0.55","59.69"
"2016-07-29","59","33262.24","2470.72","0.70","63.69"
"2016-07-30","56","31348.24","3690.13","0.82","68.55"
"2016-07-31","53","31143.71","4003.21","0.68","57.52"
"2016-08-01","55","30569.39","5277.03","1.11","74.52"
"2016-08-02","48","27697.16","4035.46","0.42","59.26"
"2016-08-03","56","36946.71","2535.06","0.33","55.10"
"2016-08-04","52","27781.58","1823.00","0.69","62.86"
"2016-08-05","62","34427.82","4609.15","0.38","56.28"
"2016-08-06","56","43797.20","3702.85","0.62","58.25"
"2016-08-07","59","34130.93","5854.90","0.72","66.67"
"2016-08-08","53","31682.44","1866.92","0.26","45.96"
"2016-08-09","58","33608.19","662.11","0.26","48.89"
"2016-08-10","53","27396.93","4203.28","0.77","62.07"
"2016-08-11","63","36045.76","3167.94","0.61","52.91"
"2016-08-12","64","35317.90","5693.25","0.81","60.87"
"2016-08-13","53","28192.95","3754.20","0.63","53.13"
"2016-08-14","53","31948.48","4438.80","0.49","56.69"
"2016-08-15","56","32664.35","3247.43","0.55","63.25"
"2016-08-16","57","31506.69","1302.34","0.41","59.76"
"2016-08-17","63","37331.49","6031.55","0.32","55.15"
"2016-08-18","61","39298.53","2508.55","0.28","47.24"
"2016-08-19","56","29175.42","4284.81","0.45","56.69"
"2016-08-20","57","39721.31","5587.87","0.51","63.35"
"2016-08-21","59","34774.61","4944.53","0.75","66.67"
"2016-08-22","57","35888.89","3066.14","0.70","56.22"
"2016-08-23","53","31014.67","3783.87","0.53","51.92"
"2016-08-24","57","32637.42","5961.21","0.40","53.94"
"2016-08-25","60","38971.59","4802.29","0.61","56.54"
"2016-08-26","55","29033.42","2012.07","0.26","48.05"
"2016-08-27","58","32966.18","2678.32","0.43","57.49"
"2016-08-28","55","34184.40","3724.76","0.85","60.23"
"2016-08-29","55","33783.41","-1390.34","0.69","59.54"
"2016-08-30","60","36621.85","1978.74","0.05","43.75"
"2016-08-31","62","39082.56","4581.45","0.44","56.54"
"2016-09-01","55","28378.26","2944.20","0.32","52.90"
"2016-09-02","56","31592.95","4670.33","0.41","53.94"
"2016-09-03","55","34293.90","3456.80","0.41","56.00"
"2016-09-04","55","32131.16","2790.08","0.61","58.62"
"2016-09-05","57","33109.76","4977.98","0.94","72.73"
"2016-09-06","62","35162.78","6293.17","0.49","54.10"
"2016-09-07","59","34912.90","5560.13","0.18","44.57"
"2016-09-08","56","30476.49","1392.44","0.59","62.03"
"2016-09-09","63","35446.66","2203.10","0.63","58.47"
"2016-09-10","59","30672.01","4642.00","0.91","65.13"
"2016-09-11","55","28585.76","3623.96","0.80","67.09"
"2016-09-12","57","33140.14","5188.29","0.41","56.65"
"2016-09-13","56","30704.44","2122.26","0.65","52.17"
"2016-09-14","57","32138.12","3232.77","0.48","55.62"
"2016-09-15","57","33118.66","2802.20","0.44","49.09"
"2016-09-16","63","43967.24","2793.10","0.75","59.02"
"2016-09-17","59","38942.70","5455.37","0.29","48.72"
"2016-09-18","62","40619.61","6971.95","0.64","60.77"
"2016-09-19","57","32619.00","3690.60","0.56","56.17"
"2016-09-20","58","36156.87","5312.63","0.79","57.92"
"2016-09-21","57","28850.42","4845.53","0.98","60.65"
"2016-09-22","62","34666.83","5119.71","0.46","60.54"
"2016-09-23","58","34599.54","5339.52","0.24","48.60"
"2016-09-24","53","31814.33","4042.61","1.30","66.88"
"2016-09-25","56","31228.10","859.15","0.67","63.13"
"2016-09-26","57","33036.00","6272.69","0.32","51.18"
"2016-09-27","52","28860.44","5735.44","0.50","56.94"
"2016-09-28","62","34868.03","2703.91","0.16","36.31"
"2016-09-29","56","36959.65","5895.03","0.55","61.50"
"2016-09-30","59","31344.27","2447.76","0.69","61.54"
"2016-10-01","56","34351.72","2963.44","0.41","48.04"
"2016-10-02","58","35704.80","3618.96","0.72","67.20"
"2016-10-03","57","34458.79","3502.99","0.43","50.00"
"2016-10-04","57","34510.70","1371.83","0.50","46.89"
"2016-10-05","49","28651.66","930.10","0.59","52.11"
"2016-10-06","62","33450.62","5632.68","0.36","42.70"
"2016-10-07","50","30110.39","3151.35","0.45","57.14"
"2016-10-08","62","33397.07","3645.68","0.63","63.19"
"2016-10-09","50","26506.81","2395.04","0.92","75.54"
"2016-10-10","60","39706.33","5062.31","0.88","65.96"
"2016-10-11","59","34025.80","5453.33","0.15","47.19"
"2016-10-12","52","31596.02","3222.67","0.62","57.50"
"2016-10-13","58","35867.58","2752.02","0.36","53.48"
"2016-10-14","63","36341.16","2821.86","0.58","59.39"
"2016-10-15","61","35892.57","3524.74","0.50","55.14"
"2016-10-16","51","29508.46","3196.50","0.22","46.30"
"2016-10-17","57","32004.45","2472.22","0.66","60.51"
"2016-10-18","54","31538.62","3576.29","0.43","55.48"
"2016-10-19","58","31776.01","5547.26","0.57","61.90"
"2016-10-20","62","39260.68","4335.04","0.55","57.77"
"2016-10-21","61","36829.44","5275.93","0.51","52.60"
"2016-10-22","60","36322.55","5620.06","0.79","63.49"
"2016-10-23","59","31533.02","4358.53","0.53","59.88"
"2016-10-24","58","36135.56","5785.53","0.79","68.11"
"2016-10-25","57","35338.40","4908.34","0.49","58.52"
"2016-10-26","61","33027.99","3216.88","0.63","56.42"
"2016-10-27","56","35941.45","3634.98","0.59","57.75"
"2016-10-28","52","35079.77","4929.69","0.73","56.57"
"2016-10-29","58","35628.65","3247.27","0.65","56.32"
"2016-10-30","61","31655.07","4424.77","0.80","56.32"
"2016-10-31","57","31978.39","2203.68","0.52","56.02"
"2016-11-01","58","29101.33","1961.10","0.59","61.44"
"2016-11-02","66","38409.89","2437.47","0.74","63.02"
"2016-11-03","59","40937.95","3148.61","0.49","52.11"
"2016-11-04","56","34275.99","4651.95","0.52","58.18"
"2016-11-05","55","33324.19","3905.75","0.53","57.74"
"2016-11-06","56","34720.49","4977.60","0.71","51.50"
"2016-11-07","63","40817.43","4204.38","0.44","51.94"
"2016-11-08","53","34857.02","3499.99","0.59","52.66"
"2016-11-09","54","31226.03","3073.86","0.31","50.00"
"2016-11-10","52","24866.06","4422.96","0.75","71.64"
"2016-11-11","60","39514.30","1014.40","0.80","64.88"
"2016-11-12","59","37062.49","3261.39","0.36","46.11"
"2016-11-13","54","32196.21","5622.00","0.78","66.24"
"2016-11-14","56","30584.64","3742.13","0.37","43.79"
"2016-11-15","54","31721.15","3838.52","0.46","54.84"
"2016-11-16","52","27816.29","4474.76","0.85","65.99"
"2016-11-17","61","42644.21","2516.06","0.99","71.86"
"2016-11-18","56","33635.20","3385.61","0.36","55.56"
"2016-11-19","62","33618.02","2725.86","0.76","54.12"
"2016-11-20","60","38783.22","4760.55","0.74","66.84"
"2016-11-21","58","35733.75","5937.95","0.65","65.34"
"2016-11-22","57","37611.80","2437.59","0.41","46.29"
"2016-11-23","56","31516.20","3609.58","0.54","59.49"
"2016-11-24","55","34236.19","2751.53","0.28","46.20"
"2016-11-25","58","37923.37","4200.03","0.46","55.50"
"2016-11-26","57","35453.13","4385.03","0.80","58.47"
"2016-11-27","56","36747.51","4569.24","0.65","58.38"
"2016-11-28","58","35953.27","2091.52","0.80","66.86"
"2016-11-29","58","38242.78","2394.57","0.24","46.70"
"2016-11-30","62","34060.01","5537.21","0.32","46.11"
"2016-12-01","54","31823.20","5289.83","0.57","58.17"
"2016-12-02","55","34039.96","1021.44","0.75","73.68"
"2016-12-03","57","32822.22","3869.21","0.39","54.44"
"2016-12-04","59","36199.62","7183.41","0.45","53.04"
"2016-12-05","61","32352.85","4121.43","0.40","52.30"
"2016-12-06","59","35129.04","3223.80","0.73","70.52"
"2016-12-07","57","33369.91","2455.26","0.76","63.69"
"2016-12-08","58","32613.93","4596.07","0.09","37.28"
"2016-12-09","57","30347.12","2166.56","0.43","48.08"
"2016-12-10","56","35927.91","1925.30","0.75","64.25"
"2016-12-11","54","34378.57","1934.30","0.34","53.45"
"2016-12-12","59","32886.92","1005.94","1.02","68.72"
"2016-12-13","59","32081.31","5396.56","0.33","44.44"
"2016-12-14","51","29858.07","3917.42","0.48","55.56"
"2016-12-15","56","30951.42","2572.16","0.61","60.84"
"2016-12-16","56","31911.82","3762.97","0.42","52.33"
"2016-12-17","58","33285.71","3258.58","0.65","60.92"
"2016-12-18","55","34371.78","4270.52","0.60","69.36"
"2016-12-19","57","33800.58","4596.18","0.43","54.38"
"2016-12-20","57","30012.19","4132.99","-0.01","41.83"
"2016-12-21","57","28712.03","3446.60","0.44","51.27"
"2016-12-22","56","32604.14","4019.59","0.93","79.63"
"2016-12-23","57","35516.69","3493.78","0.64","57.06"
"2016-12-24","56","32960.92","4588.31","0.88","68.45"
"2016-12-25","59","36181.52","2065.56","1.05","68.04"
"2016-12-26","56","32306.63","2083.25","0.52","61.11"
"2016-12-27","61","39764.59","3142.36","0.56","64.36"
"2016-12-28","57","38874.38","2796.79","0.51","61.66"
"2016-12-29","54","31390.04","3461.66","0.51","58.44"
"2016-12-30","58","35207.96","3434.22","0.43","56.83"
"2016-12-31","57","35725.12","1770.64","0.34","44.91"
"2017-01-01","47","29470.95","2576.22","0.76","55.32"
"2017-01-02","57","32905.43","3152.65","0.32","52.69"
"2017-01-03","56","27856.23","1936.74","0.63","52.67"
"2017-01-04","57","32390.40","4567.37","0.58","55.90"
"2017-01-05","55","30528.45","4357.73","0.51","60.00"
"2017-01-06","55","32788.17","4141.92","0.46","50.87"
"2017-01-07","62","35970.96","6380.33","0.68","53.07"
"2017-01-08","62","38167.45","4791.09","0.38","55.38"
"2017-01-09","55","31281.87","4814.08","0.42","54.91"
"2017-01-10","54","36031.00","4778.26","0.38","52.33"
"2017-01-11","57","32745.97","1324.54","0.75","56.21"
"2017-01-12","62","36464.29","4106.87","0.16","45.60"
"2017-01-13","58","33520.85","1368.38","0.79","68.07"
"2017-01-14","54","33692.78","3058.21","0.89","70.69"
"2017-01-15","56","30384.96","3374.66","0.71","47.50"
"2017-01-16","60","35957.68","4204.25","0.69","55.49"
"2017-01-17","52","32197.11","2079.81","0.78","61.25"
"2017-01-18","60","38476.56","6567.98","0.49","53.76"
"2017-01-19","58","31240.41","3916.04","0.42","54.60"
"2017-01-20","58","37507.01","5901.34","0.33","55.56"
"2017-01-21","58","32251.48","-466.44","0.66","54.55"
"2017-01-22","51","32450.41","4472.72","0.58","53.80"
"2017-01-23","52","33079.95","3082.68","0.45","61.49"
"2017-01-24","55","31213.96","3836.12","0.41","57.93"
"2017-01-25","61","33390.99","1298.79","0.22","49.40"
"2017-01-26","56","32012.89","3728.95","0.40","49.72"
"2017-01-27","53","33721.76","4792.05","0.51","59.38"
"2017-01-28","60","32945.75","3178.77","0.61","59.32"
"2017-01-29","52","33376.22","3435.13","0.74","58.28"
"2017-01-30","56","31958.12","3863.43","0.44","55.76"
"2017-01-31","56","33717.94","6223.18","0.81","64.91"
"2017-02-01","59","39458.35","6925.64","0.63","66.13"
"2017-02-02","55","40632.81","3271.31","0.44","58.92"
"2017-02-03","59","37941.46","5509.33","0.67","65.41"
"2017-02-04","58","35675.84","3730.88","0.37","51.11"
"2017-02-05","59","37234.63","3490.43","0.55","53.37"
"2017-02-06","58","38876.15","5282.53","1.11","68.16"
"2017-02-07","54","36898.06","5174.35","0.49","61.75"
"2017-02-08","63","37288.79","2318.68","0.36","44.69"
"2017-02-09","58","33630.60","4540.31","0.95","63.25"
"2017-02-10","58","37352.59","5132.13","0.63","44.02"
"2017-02-11","50","30740.54","4735.71","0.86","67.55"
"2017-02-12","54","28798.03","4021.29","0.60","63.45"
"2017-02-13","61","33908.77","1311.32","0.97","69.41"
"2017-02-14","48","25452.05","2590.87","0.84","66.67"
"2017-02-15","61","36371.38","4015.57","0.26","52.84"
"2017-02-16","58","32351.44","5361.97","0.50","56.36"
"2017-02-17","57","33930.86","4463.26","1.03","60.12"
"2017-02-18","60","41563.70","5434.55","0.51","62.77"
"2017-02-19","58","35819.73","2039.61","0.18","50.00"
"2017-02-20","57","39315.28","5086.41","0.41","52.11"
"2017-02-21","64","37637.77","5288.22","0.44","48.47"
"2017-02-22","57","35221.81","4233.83","0.30","43.02"
"2017-02-23","56","34327.04","4666.65","0.42","58.86"
"2017-02-24","59","34309.75","2291.75","0.79","62.01"
"2017-02-25","58","36519.71","2916.79","0.82","63.54"
"2017-02-26","59","33607.33","2068.32","0.58","57.14"
"2017-02-27","57","33517.40","5443.84","0.69","55.83"
"2017-02-28","59","34153.01","3765.52","0.43","50.54"
"2017-03-01","58","32260.49","5011.66","0.38","50.61"
"2017-03-02","56","34267.46","3599.36","0.53","54.91"
"2017-03-03","61","39669.74","5284.20","0.61","61.86"
"2017-03-04","57","31721.41","4810.38","1.23","83.23"
"2017-03-05","56","32725.23","4203.97","0.43","59.43"
"2017-03-06","58","33689.71","4942.80","0.45","50.29"
"2017-03-07","57","35740.80","3651.11","0.48","51.58"
"2017-03-08","55","30888.65","3959.22","0.74","59.60"
"2017-03-09","56","36844.09","3103.65","0.57","55.43"
"2017-03-10","64","36946.80","1332.67","0.59","59.16"
"2017-03-11","51","30499.95","4217.27","0.50","51.55"
"2017-03-12","60","33422.99","2354.97","0.67","65.50"
"2017-03-13","61","34587.41","3252.88","0.50","57.65"
"2017-03-14","54","32659.10","3275.25","0.56","53.99"
"2017-03-15","51","30858.12","3071.41","0.70","67.74"
"2017-03-16","61","39888.51","3480.80","0.47","49.25"
"2017-03-17","53","31101.97","4622.25","0.47","52.73"
"2017-03-18","61","34254.87","1247.80","0.45","64.74"
"2017-03-19","58","37500.46","4987.50","0.49","52.13"
"2017-03-20","58","33856.10","4942.86","0.51","61.18"
"2017-03-21","56","30904.13","3322.08","0.51","60.98"
"2017-03-22","61","32656.08","3863.53","0.85","70.41"
"2017-03-23","62","33759.75","4729.74","0.47","49.72"
"2017-03-24","54","29699.81","2999.68","0.94","62.50"
"2017-03-25","57","36155.01","4905.91","0.64","58.58"
"2017-03-26","56","31208.07","3477.97","0.76","68.13"
"2017-03-27","54","28501.95","5202.16","0.36","47.13"
"2017-03-28","61","32685.02","2739.24","0.42","55.56"
"2017-03-29","61","39602.36","6189.95","0.56","55.34"
"2017-03-30","58","35660.71","2674.78","0.35","49.17"
"2017-03-31","56","33788.01","3231.85","0.47","56.00"
"2017-04-01","60","34502.04","4204.84","0.62","48.54"
"2017-04-02","58","34208.08","2180.44","0.53","56.73"
"2017-04-03","58","34925.00","1346.78","0.75","57.69"
"2017-04-04","58","33586.65","6025.77","0.43","54.29"
"2017-04-05","58","34204.20","4589.72","1.03","69.27"
"2017-04-06","54","27154.89","2742.20","0.52","61.54"
"2017-04-07","59","35073.20","2639.26","0.38","48.26"
"2017-04-08","58","33266.53","5335.07","0.69","65.45"
"2017-04-09","63","37276.74","4138.87","0.49","55.12"
"2017-04-10","57","27972.74","3750.76","0.26","45.21"
"2017-04-11","62","33700.58","4852.09","0.88","64.94"
"2017-04-12","60","37129.82","2520.76","0.78","60.91"
"2017-04-13","53","30071.70","2790.14","0.07","42.21"
"2017-04-14","57","35699.94","2165.57","0.74","59.06"
"2017-04-15","62","36441.55","3951.20","0.72","54.14"
"2017-04-16","54","31502.21","1660.86","0.36","57.58"
"2017-04-17","60","36561.12","5357.82","0.28","42.54"
"2017-04-18","58","37533.00","4155.25","0.67","65.73"
"2017-04-19","59","37701.49","4207.38","0.16","48.09"
"2017-04-20","53","28700.63","3273.59","0.06","45.33"
"2017-04-21","57","35222.71","5011.34","0.74","59.78"
"2017-04-22","65","35878.44","6037.50","0.62","60.66"
"2017-04-23","60","39823.68","5227.17","1.03","64.13"
"2017-04-24","57","33730.40","5634.12","0.40","49.70"
"2017-04-25","55","35980.58","4542.45","0.64","56.80"
"2017-04-26","60","35192.30","1732.67","0.52","58.62"
"2017-04-27","57","35274.29","4471.99","0.83","71.27"
"2017-04-28","54","35357.94","1728.51","0.38","51.18"
"2017-04-29","54","35703.97","3961.19","0.79","60.24"
"2017-04-30","59","38945.18","5725.75","0.49","53.93"
"2017-05-01","53","38851.37","4868.84","0.85","68.13"
"2017-05-02","63","44590.46","1939.60","0.48","62.69"
"2017-05-03","54","31363.39","3838.93","0.44","59.75"
"2017-05-04","55","32379.24","3905.19","0.24","46.54"
"2017-05-05","61","39338.19","4771.27","0.85","67.02"
"2017-05-06","60","34812.05","4824.13","0.33","46.20"
"2017-05-07","58","38425.50","3299.12","0.80","67.58"
"2017-05-08","57","34170.33","2747.70","0.67","53.70"
"2017-05-09","61","38277.18","-363.22","0.58","56.61"
"2017-05-10","55","34830.28","4639.35","0.22","47.93"
"2017-05-11","57","31311.68","1737.12","0.35","50.32"
"2017-05-12","51","35790.56","4103.66","0.49","54.32"
"2017-05-13","59","35415.09","3114.83","0.27","55.81"
"2017-05-14","55","37165.50","3591.50","0.28","47.73"
"2017-05-15","60","41173.56","6887.61","0.31","46.31"
"2017-05-16","59","36428.78","4302.83","0.33","50.29"
"2017-05-17","52","30238.84","4088.00","0.64","64.19"
"2017-05-18","52","34181.58","636.45","0.59","56.60"
"2017-05-19","62","33799.21","4421.75","0.78","67.88"
"2017-05-20","56","31481.67","5806.98","0.96","59.38"
"2017-05-21","51","31594.62","1854.36","0.48","61.04"
"2017-05-22","60","43404.70","5497.98","0.51","62.91"
"2017-05-23","57","31256.39","6675.08","0.63","59.62"
"2017-05-24","57","35006.07","3328.32","0.53","57.89"
"2017-05-25","60","38783.58","4211.43","0.64","58.29"
"2017-05-26","52","35474.69","4042.98","0.72","60.00"
"2017-05-27","57","36539.04","2480.49","0.56","57.50"
"2017-05-28","51","26946.28","2085.35","0.25","45.04"
"2017-05-29","58","37469.54","4604.18","0.83","57.87"
"2017-05-30","62","43221.05","3250.22","0.67","53.66"
"2017-05-31","58","31764.88","3822.61","0.33","55.00"
"2017-06-01","59","43599.98","3655.74","0.54","56.48"
"2017-06-02","63","36135.56","6304.82","0.34","45.60"
"2017-06-03","61","36046.34","3539.57","0.28","52.81"
"2017-06-04","56","30377.62","3619.07","0.42","53.21"
"2017-06-05","52","31598.65","4088.34","0.33","52.87"
"2017-06-06","53","31857.58","6093.61","0.37","45.75"
"2017-06-07","57","32567.65","3881.10","0.55","58.71"
"2017-06-08","54","32722.54","4507.01","0.92","71.70"
"2017-06-09","50","31970.05","2428.73","0.41","59.48"
"2017-06-10","56","32764.25","4301.89","0.56","46.20"
"2017-06-11","63","36948.63","3133.62","0.23","49.21"
"2017-06-12","54","34625.15","3732.63","0.68","53.37"
"2017-06-13","58","41062.94","4842.77","0.84","67.20"
"2017-06-14","51","37390.76","5379.65","0.36","55.21"
"2017-06-15","50","25757.34","4028.17","0.48","56.72"
"2017-06-16","54","33239.92","2235.59","0.85","63.06"
"2017-06-17","53","33739.40","1471.84","0.54","60.98"
"2017-06-18","52","27370.14","3843.68","0.36","58.27"
"2017-06-19","55","34026.78","1686.16","0.52","54.22"
"2017-06-20","52","33028.98","4991.53","0.59","61.33"
"2017-06-21","59","38735.75","2813.99","0.46","52.54"
"2017-06-22","60","37168.06","5306.96","0.41","49.44"
"2017-06-23","63","40609.71","5600.43","0.73","59.49"
"2017-06-24","56","35851.29","5948.02","0.65","57.47"
"2017-06-25","55","38131.31","1102.66","0.43","41.92"
"2017-06-26","58","35609.58","2728.77","0.41","53.76"
"2017-06-27","58","37360.40","1508.98","0.57","60.80"
"2017-06-28","55","29268.00","2377.10","0.71","65.49"
"2017-06-29","56","30257.38","1861.86","0.60","61.64"
"2017-06-30","53","32264.73","3385.00","0.34","57.89"
"2017-07-01","54","37269.23","4359.18","0.61","50.91"
"2017-07-02","61","44554.88","3535.15","0.67","55.91"
"2017-07-03","64","37849.28","5212.20","0.49","65.57"
"2017-07-04","54","35844.94","3846.79","0.46","47.85"
"2017-07-05","63","38244.65","5153.46","0.99","71.12"
"2017-07-06","58","37948.56","-57.68","0.70","54.75"
"2017-07-07","58","41165.11","6197.65","0.65","70.37"
"2017-07-08","56","28744.47","1680.99","0.84","68.46"
"2017-07-09","53","31574.55","3028.70","0.99","75.95"
"2017-07-10","49","29844.13","2056.76","0.37","46.90"
"2017-07-11","59","39424.37","5659.26","0.24","46.31"
"2017-07-12","56","34565.37","3449.77","0.57","65.09"
"2017-07-13","59","34346.12","1945.17","1.44","80.47"
"2017-07-14","50","31079.52","2908.30","0.67","66.22"
"2017-07-15","58","37558.28","3858.88","0.43","58.05"
"2017-07-16","57","31869.53","4035.49","0.10","41.94"
"2017-07-17","56","34718.19","2180.38","0.41","54.71"
"2017-07-18","63","35633.84","3557.95","0.39","40.91"
"2017-07-19","55","33618.41","4665.41","0.60","61.96"
"2017-07-20","58","38374.68","4746.00","0.73","62.09"
"2017-07-21","59","35492.52","1715.51","0.83","60.23"
"2017-07-22","63","41125.50","3965.07","0.47","54.55"
"2017-07-23","56","39167.51","5723.05","0.45","58.52"
"2017-07-24","60","35345.34","3341.42","0.69","62.21"
"2017-07-25","60","35233.92","1755.11","0.42","49.43"
"2017-07-26","54","30779.66","2859.58","0.59","61.84"
"2017-07-27","55","30599.40","2654.49","0.36","54.11"
"2017-07-28","60","37443.90","5392.78","0.78","64.13"
"2017-07-29","54","35946.26","5772.63","0.32","52.17"
"2017-07-30","59","34849.41","4298.40","0.30","47.62"
"2017-07-31","55","34161.81","3528.85","0.43","56.71"
"2017-08-01","57","38020.12","3672.85","0.53","51.41"
"2017-08-02","59","34165.31","2521.66","0.58","52.91"
"2017-08-03","60","32615.60","3106.04","0.65","62.94"
"2017-08-04","60","38104.33","4387.73","0.60","64.84"
"2017-08-05","61","36351.33","4466.50","0.60","55.98"
"2017-08-06","58","31598.58","4917.35","0.59","55.10"
"2017-08-07","53","30545.87","5935.55","0.60","55.70"
"2017-08-08","55","35766.53","5303.62","0.66","62.20"
"2017-08-09","59","34648.91","4084.11","0.30","47.43"
"2017-08-10","56","39790.94","2233.07","0.60","58.05"
"2017-08-11","58","38809.88","2667.46","0.40","55.32"
"2017-08-12","55","32725.49","3128.19","0.03","38.31"
"2017-08-13","50","37437.89","4190.51","0.40","58.56"
"2017-08-14","54","37513.31","6291.02","0.74","63.64"
"2017-08-15","58","32639.26","3983.05","0.45","56.10"
"2017-08-16","58","32924.46","3700.17","0.71","57.49"
"2017-08-17","55","40300.13","1955.09","0.63","55.00"
"2017-08-18","56","34183.16","4324.24","0.74","67.06"
"2017-08-19","50","34323.31","2873.88","0.67","54.09"
"2017-08-20","52","35528.15","3035.51","0.87","65.70"
"2017-08-21","58","41921.78","4491.90","0.60","60.10"
"2017-08-22","62","37454.11","5538.47","0.60","59.89"
"2017-08-23","59","37395.87","6828.72","0.44","54.30"
"2017-08-24","58","38934.77","5497.74","0.83","65.76"
"2017-08-25","56","31605.87","3368.38","0.82","57.34"
"2017-08-26","60","41758.01","5538.06","0.99","69.74"
"2017-08-27","56","33135.68","3107.28","0.81","66.47"
"2017-08-28","58","33082.43","6059.04","0.37","54.66"
"2017-08-29","62","33368.06","6402.53","0.96","66.46"
"2017-08-30","61","39203.74","3076.32","0.63","65.00"
"2017-08-31","54","33484.27","4815.12","0.54","54.32"
"2017-09-01","58","38641.08","5193.86","0.89","67.22"
"2017-09-02","59","34302.70","5008.47","0.47","55.49"
"2017-09-03","57","37738.50","5020.85","0.42","49.18"
"2017-09-04","55","33926.25","2715.52","0.82","66.26"
"2017-09-05","63","38506.92","2701.14","0.56","56.74"
"2017-09-06","56","35146.41","3820.64","0.46","56.36"
"2017-09-07","58","31225.78","3510.40","0.51","53.42"
"2017-09-08","57","33647.70","3259.73","0.57","58.33"
"2017-09-09","58","36899.04","5623.21","0.26","48.00"
"2017-09-10","62","39494.07","3154.13","0.30","48.39"
"2017-09-11","61","43296.07","6194.05","0.28","45.79"
"2017-09-12","57","42026.20","3468.34","0.08","50.53"
"2017-09-13","59","39076.59","3693.88","0.24","51.11"
"2017-09-14","56","36366.13","2272.07","0.53","60.47"
"2017-09-15","57","36216.42","474.25","0.78","61.82"
"2017-09-16","56","35456.56","7270.19","0.48","58.24"
"2017-09-17","59","38006.42","4518.59","0.53","49.15"
"2017-09-18","54","34946.61","3242.36","1.01","76.92"
"2017-09-19","56","36226.37","5057.19","0.37","43.79"
"2017-09-20","58","39575.83","4170.54","0.71","62.03"
"2017-09-21","59","41876.24","5454.90","0.47","55.80"
"2017-09-22","53","36546.49","3382.10","0.66","58.06"
"2017-09-23","56","38566.25","4431.49","0.65","61.82"
"2017-09-24","57","39926.25","4467.24","0.89","72.32"
"2017-09-25","59","41216.15","2163.08","0.18","50.84"
"2017-09-26","61","41596.11","4666.66","0.72","72.36"
"2017-09-27","48","32756.71","3874.92","0.64","66.43"
"2017-09-28","56","39476.35","5653.63","0.67","54.22"
"2017-09-29","57","42376.98","4848.89","0.39","50.57"
"2017-09-30","61","48715.91","3150.07","0.60","61.24"
"2017-10-01","57","49146.50","7417.73","0.27","45.45"
"2017-10-02","58","26234.21","-105.27","0.84","57.69"
"2017-10-03","68","2113.44","192.30","0.60","58.82"
"2017-10-04","69","2144.52","108.02","0.51","56.52"
"2017-10-05","68","2113.44","395.55","0.65","57.35"
"2017-10-06","69","2144.52","228.42","0.36","55.07"
"2017-10-07","68","3989.44","786.38","0.15","45.59"
"2017-10-08","69","1495.86","301.83","0.35","43.48"
"2017-10-09","68","767.72","71.61","0.53","57.35"
"2017-10-10","69","26342.51","4843.23","0.94","72.46"
"2017-10-11","68","30738.72","3627.79","0.75","57.35"
"2017-10-12","69","31190.76","1683.95","0.64","63.77"
"2017-10-13","68","30738.72","4553.74","1.03","70.59"
"2017-10-14","69","31190.76","3765.23","0.42","60.87"
"2017-10-15","68","30738.72","3316.15","0.59","67.65"
"2017-10-16","69","31190.76","3052.39","0.41","52.17"
"2017-10-17","68","30738.72","1437.09","0.47","54.41"
"2017-10-18","69","28247.62","2855.81","0.62","59.42"
"2017-10-19","68","24282.80","4489.78","0.62","61.76"
"2017-10-20","69","24639.90","1531.67","0.51","52.17"
"2017-10-21","68","24282.80","2243.84","0.40","52.94"
"2017-10-22","69","24639.90","4854.56","0.64","53.62"
"2017-10-23","68","24282.80","2741.55","0.54","50.00"
"2017-10-24","69","24639.90","2182.80","0.49","60.87"
"2017-10-25","68","24282.80","2069.45","0.68","63.24"
"2017-10-26","69","89785.20","2060.46","0.57","53.62"
"2017-10-27","68","102000.00","16298.35","0.44","52.94"
"2017-10-28","69","103500.00","6230.23","0.29","52.17"
"2017-10-29","68","102000.00","9612.69","0.47","52.94"
"2017-10-30","69","103500.00","16578.80","0.48","47.83"
"2017-10-31","68","40891.12","4021.04","0.62","61.76"
"2017-11-01","69","17448.72","909.28","0.75","63.77"
"2017-11-02","68","17195.84","1390.86","0.85","66.18"
"2017-11-03","69","17448.72","2666.40","0.64","50.72"
"2017-11-04","68","25122.64","2644.62","0.44","51.47"
"2017-11-05","69","31842.12","3375.52","0.68","63.77"
"2017-11-06","68","31380.64","3630.33","0.66","54.41"
"2017-11-07","69","27979.82","4726.89","0.57","60.87"
"2017-11-08","68","11177.84","-255.87","0.60","61.76"
"2017-11-09","69","11342.22","61.77","0.71","59.42"
"2017-11-10","68","11177.84","224.39","0.56","55.88"
"2017-11-11","69","11342.22","1155.46","0.41","53.62"
"2017-11-12","68","11177.84","920.82","0.43","51.47"
"2017-11-13","69","32329.62","6288.31","0.49","59.42"
"2017-11-14","68","36215.44","5470.08","0.37","51.47"
"2017-11-15","69","36748.02","4630.30","0.42","49.28"
"2017-11-16","68","36215.44","1978.02","0.68","61.76"
"2017-11-17","69","36748.02","5089.08","0.71","62.32"
"2017-11-18","68","33580.50","3302.49","0.47","54.41"
"2017-11-19","69","20219.76","345.93","0.52","56.52"
"2017-11-20","68","19926.72","3679.73","0.63","57.35"
"2017-11-21","69","20219.76","1312.99","0.54","57.97"
"2017-11-22","68","16145.98","1438.59","0.65","63.24"
"2017-11-23","69","14548.65","467.24","0.22","47.83"
"2017-11-24","68","14636.60","2269.29","0.53","52.94"
"2017-11-25","69","17984.85","1896.63","0.75","60.87"
"2017-11-26","68","17724.20","1732.30","0.54","66.18"
"2017-11-27","69","17984.85","3395.42","0.52","55.07"
"2017-11-28","68","17724.20","2126.05","0.97","69.12"
"2017-11-29","69","7586.10","180.60","0.41","47.83"
"2017-11-30","68","5739.20","737.73","0.68","66.18"
"2017-12-01","69","5823.60","553.43","0.77","63.77"
"2017-12-02","68","10119.50","1944.22","0.96","72.06"
"2017-12-03","69","22614.75","3908.61","0.36","52.17"
"2017-12-04","68","19124.90","3234.99","0.41","52.94"
"2017-12-05","69","796.26","133.76","0.49","59.42"
"2017-12-06","68","784.72","140.06","0.94","70.59"
"2017-12-07","69","796.26","138.84","0.58","62.32"
"2017-12-08","68","1659.23","-3.39","0.35","55.88"
"2017-12-09","69","2742.75","179.79","0.33","49.28"
"2017-12-10","68","2703.00","223.58","0.49","58.82"
"2017-12-11","69","4327.38","806.45","0.51","49.28"
"2017-12-12","68","14675.76","2229.04","0.51","52.94"
"2017-12-13","69","14891.58","1295.96","0.83","65.22"
"2017-12-14","68","14675.76","2006.38","0.71","61.76"
"2017-12-15","69","12859.44","1943.92","0.87","60.87"
"2017-12-16","68","2113.44","191.62","0.43","52.94"
"2017-12-17","69","3572.52","193.51","0.74","68.12"
"2017-12-18","68","4017.44","398.58","0.44","55.88"
"2017-12-19","69","1065.75","-116.21","0.35","44.93"
"2017-12-20","68","767.72","124.20","0.43","57.35"
"2017-12-21","69","23833.21","4676.18","0.93","65.22"
"2017-12-22","68","24282.80","2816.96","0.53","57.35"
"2017-12-23","69","84070.70","15118.43","0.41","52.17"
"2017-12-24","68","67080.64","4181.69","0.46","54.41"
"2017-12-25","69","17448.72","1138.69","0.61","60.87"
"2017-12-26","68","21159.24","3951.60","0.49","55.88"
"2017-12-27","69","31842.12","4357.96","0.67","63.77"
"2017-12-28","68","31380.64","1661.37","0.71","60.29"
"2017-12-29","69","31842.12","5283.82","0.67","60.87"
"2017-12-30","68","19496.64","1260.86","0.51","54.41"
"2017-12-31","69","11342.22","1862.73","0.43","50.72"
"2018-01-01","68","33638.04","5335.57","1.00","73.53"
"2018-01-02","69","28603.66","2409.20","0.28","52.17"
"2018-01-03","68","19926.72","2674.42","0.53","61.76"
"2018-01-04","69","17121.24","-683.43","0.57","65.22"
"2018-01-05","68","17724.20","2526.42","0.31","48.53"
"2018-01-06","69","16222.35","2066.85","0.49","59.42"
"2018-01-07","68","5739.20","303.66","0.57","55.88"
"2018-01-08","69","5823.60","910.58","0.62","59.42"
"2018-01-09","68","5739.20","474.14","0.79","64.71"
"2018-01-10","69","15070.90","159.23","0.87","59.42"
"2018-01-11","68","22287.00","1593.62","0.82","69.12"
"2018-01-12","69","22614.75","1669.90","0.59","56.52"
"2018-01-13","68","12168.28","756.97","0.81","69.12"
"2018-01-14","69","796.26","101.34","0.55","55.07"
"2018-01-15","68","784.72","136.33","0.56","58.82"
"2018-01-16","69","796.26","78.83","0.28","47.83"
"2018-01-17","68","1659.23","245.46","0.62","54.41"
"2018-01-18","69","2742.75","334.15","0.88","60.87"
"2018-01-19","68","2703.00","-29.51","0.44","55.88"
"2018-01-20","69","2742.75","8.31","0.71","60.87"
"2018-01-21","68","2703.00","107.77","0.50","52.94"
"2018-01-22","69","2742.75","362.53","0.71","53.62"
"2018-01-23","68","2703.00","311.09","0.51","58.82"
"2018-01-24","69","2742.75","38.64","0.59","53.62"
"2018-01-25","68","2703.00","541.07","0.63","64.71"
"2018-01-26","69","9609.48","843.37","0.52","57.97"
"2018-01-27","68","14675.76","3446.03","0.81","63.24"
"2018-01-28","69","14891.58","2732.14","0.65","59.42"
"2018-01-29","68","14675.76","1915.69","0.53","51.47"
"2018-01-30","69","14891.58","1580.04","0.62","56.52"
"2018-01-31","68","14407.34","891.48","0.62","58.82"
